Model,MAE
LightGBM,1.097231826902353
XGBoost,0.9437186232003952
RandomForest,0.9188163385080848
NeuralNet,0.9798237536918311
